Workbook

Sheet METAS E PESOS
A1: METAS MENSAIS POR MARCA (SELL-OUT) | D1: MATRIZ DE PESOS DE DISTRIBUIÇÃO POR FILIAL (% SHARE PLANEJADO)
A2: MARCA | B2: META QTD | C2: META (R$) | D2: FIL-02 | E2: FIL-10 | F2: FIL-04 | G2: FIL-08 | H2: FIL-09 | I2: FIL-05 | J2: FIL-06 | K2: FIL-01 | L2: FIL-03 | M2: FIL-07 | N2: FIL-11 | O2: TOTAL PESOS
A3: MARCA_01 (CARE) | B3: 980 | C3: 18466.52 | D3: 0.142 | E3: 0.116 | F3: 0.092 | G3: 0.08 | H3: 0.135 | I3: 0.161 | J3: 0.059 | K3: 0.092 | L3: 0.059 | M3: 0.064 | O3: =SUM(D3:N3) -> 1
A4: MARCA_02 (PRO) | B4: 4412 | C4: 168576.67 | D4: 0.106 | E4: 0.074 | F4: 0.105 | G4: 0.04 | H4: 0.1129 | I4: 0.1115 | J4: 0.051 | K4: 0.197 | L4: 0.057 | M4: 0.06 | N4: 0.0856 | O4: =SUM(D4:N4) -> 1
A5: MARCA_03 (DAILY) | B5: 4572 | C5: 124742.33 | D5: 0.101 | E5: 0.0855 | F5: 0.0874 | G5: 0.0485 | H5: 0.1 | I5: 0.106 | J5: 0.073 | K5: 0.166 | L5: 0.063 | M5: 0.084 | N5: 0.0856 | O5: =SUM(D5:N5) -> 1
A6: MARCA_04 (DERMO) | B6: 600 | C6: 23323.96 | D6: 0.079 | E6: 0.082 | F6: 0.207 | G6: 0.02 | H6: 0.125 | I6: 0.059 | J6: 0.046 | K6: 0.264 | L6: 0.059 | M6: 0.059 | O6: =SUM(D6:N6) -> 1
A7: MARCA_05 (ACESSÓRIOS) | B7: 736 | C7: 14254.35 | D7: 0.063 | E7: 0.072 | F7: 0.155 | G7: 0.049 | H7: 0.138 | I7: 0.135 | J7: 0.086 | K7: 0.198 | L7: 0.044 | M7: 0.06 | O7: =SUM(D7:N7) -> 1
A8: MARCA_06 (IMPORT) | B8: 320 | C8: 43795.56 | D8: - | E8: - | F8: 0.227 | G8: - | H8: 0.136 | I8: - | J8: - | K8: 0.5530303 | L8: 0.084 | M8: - | O8: =SUM(D8:N8) -> 1.0000303
A9: MARCA_07 (GLOBAL) | B9: 8990 | C9: 380971.67 | D9: 0.023 | E9: 0.035 | F9: 0.241 | G9: - | H9: 0.11 | I9: 0.043 | J9: 0.048 | K9: 0.29 | L9: 0.063 | M9: 0.037 | N9: 0.11 | O9: =SUM(D9:N9) -> 1
A10: MARCA_08 (LUXURY) | B10: 60 | C10: 6626.45 | D10: - | E10: - | F10: 0.32733813 | G10: - | H10: 0.20143885 | I10: - | J10: - | K10: 0.47122302 | L10: - | M10: - | O10: =SUM(D10:N10) -> 1
A11: MARCA_09 (SALON) | B11: 7426 | C11: 341403.67 | D11: 0.062 | E11: 0.0523 | F11: 0.165 | G11: 0.02 | H11: 0.1294 | I11: 0.0794 | J11: 0.0739 | K11: 0.2 | L11: 0.0695 | M11: 0.0529 | N11: 0.0956 | O11: =SUM(D11:N11) -> 1
A12: MARCA_10 (TREAT) | B12: 4368 | C12: 93098.49 | D12: 0.094 | E12: 0.0679 | F12: 0.125 | G12: - | H12: 0.156 | I12: 0.086 | J12: 0.078 | K12: 0.1675 | L12: 0.085 | M12: 0.085 | N12: 0.0556 | O12: =SUM(D12:N12) -> 1
A13: MARCA_11 (MAKEUP) | B13: 2174 | C13: 55411.08 | D13: - | E13: 0.0713 | F13: 0.2472 | G13: - | H13: 0.154 | I13: 0.0605 | J13: 0.064 | K13: 0.281 | L13: - | M13: 0.052 | N13: 0.07 | O13: =SUM(D13:N13) -> 1
A14: MARCA_12 (UTILITIES) | B14: 6622 | C14: 97934.52 | D14: 0.084 | E14: 0.0609 | F14: 0.134 | G14: 0.046 | H14: 0.133 | I14: 0.1248 | J14: 0.0737 | K14: 0.172 | L14: 0.0374 | M14: 0.0582 | N14: 0.076 | O14: =SUM(D14:N14) -> 1
A15: MARCA_13 (BODY) | B15: 360 | C15: 20844.85 | D15: - | E15: 0.111 | F15: 0.251 | G15: - | H15: 0.237 | I15: - | J15: - | K15: 0.251 | L15: - | M15: - | N15: 0.15 | O15: =SUM(D15:N15) -> 1
A16: MARCA_14 (DIGITAL) | B16: 2800 | C16: 132608 | D16: 0.084 | E16: 0.0409 | F16: 0.16 | G16: 0 | H16: 0.1071 | I16: 0.0776 | J16: 0.0811 | K16: 0.2294 | L16: 0.0669 | M16: 0.0646 | N16: 0.0884 | O16: =SUM(D16:N16) -> 1
A17: MARCA_15 (TECH) | B17: 600 | C17: 38361.6 | D17: - | E17: - | F17: 0.1911 | G17: - | H17: 0.1911 | I17: 0.09555 | J17: - | K17: 0.2133 | L17: 0.09555 | M17: - | N17: 0.2133 | O17: =SUM(D17:N17) -> 0.9999
A18: Total Geral | B18: =SUM(B3:B17) -> 45020 | C18: =SUM(C3:C17) -> 1560419.7 | D18: =AVERAGE(D3:D17) -> 0.0838 | E18: =AVERAGE(E3:E17) -> 0.0724 | F18: =AVERAGE(F3:F17) -> 0.18100254 | G18: =AVERAGE(G3:G17) -> 0.0379375 | H18: =AVERAGE(H3:H17) -> 0.14439592 | I18: =AVERAGE(I3:I17) -> 0.094945833 | J18: =AVERAGE(J3:J17) -> 0.0667 | K18: =AVERAGE(K3:K17) -> 0.24969689 | ... O18: =AVERAGE(O3:O17) -> 0.99999535

Sheet DIN
A1: VISÃO CONSOLIDADA (TABELAS DINÂMICAS DE DESEMPENHO — FILIAIS & MARCAS)
A3: LOJA | B3: META (R$) | C3: META QTD | D3: REALIZADO (R$) | E3: % REALIZADO (R$) | F3: OBJ REALIZADO | G3: % REALIZADO OBJ | H3: META/DIA (QTD) | I3: META/DIA (R$)
A4: FIL-02 | B4: =SUMIFS(RESULTADOS!$D$2:$D$133, RESULTADOS!$B$2:$B$133, $A4) -> 93877.171 | C4: =SUMIFS(RESULTADOS!$E$2:$E$133, RESULTADOS!$B$2:$B$133, $A4) -> 3031.594 | D4: =SUMIFS(RESULTADOS!$F$2:$F$133, RESULTADOS!$B$2:$B$133, $A4) -> 55287.92 | E4: =IFERROR(D4/B4, 0) -> 0.58893892 | F4: =SUMIFS(RESULTADOS!$H$2:$H$133, RESULTADOS!$B$2:$B$133, $A4) -> 1880 | G4: =IFERROR(F4/C4, 0) -> 0.62013581 | H4: =SUMIFS(RESULTADOS!$L$2:$L$133, RESULTADOS!$B$2:$B$133, $A4) -> 42.65163 | I4: =SUMIFS(RESULTADOS!$M$2:$M$133, RESULTADOS!$B$2:$B$133, $A4) -> 1429.2315
A5: FIL-03 | B5: =SUMIFS(RESULTADOS!$D$2:$D$133, RESULTADOS!$B$2:$B$133, $A5) -> 96081.113 | C5: =SUMIFS(RESULTADOS!$E$2:$E$133, RESULTADOS!$B$2:$B$133, $A5) -> 2638.0738 | D5: =SUMIFS(RESULTADOS!$F$2:$F$133, RESULTADOS!$B$2:$B$133, $A5) -> 46684.27 | E5: =IFERROR(D5/B5, 0) -> 0.48588394 | F5: =SUMIFS(RESULTADOS!$H$2:$H$133, RESULTADOS!$B$2:$B$133, $A5) -> 1296 | G5: =IFERROR(F5/C5, 0) -> 0.49126753 | H5: =SUMIFS(RESULTADOS!$L$2:$L$133, RESULTADOS!$B$2:$B$133, $A5) -> 49.706437 | I5: =SUMIFS(RESULTADOS!$M$2:$M$133, RESULTADOS!$B$2:$B$133, $A5) -> 1829.5127
A6: FIL-04 | B6: =SUMIFS(RESULTADOS!$D$2:$D$133, RESULTADOS!$B$2:$B$133, $A6) -> 269834.29 | C6: =SUMIFS(RESULTADOS!$E$2:$E$133, RESULTADOS!$B$2:$B$133, $A6) -> 7299.2339 | D6: =SUMIFS(RESULTADOS!$F$2:$F$133, RESULTADOS!$B$2:$B$133, $A6) -> 203215.53 | E6: =IFERROR(D6/B6, 0) -> 0.75311233 | F6: =SUMIFS(RESULTADOS!$H$2:$H$133, RESULTADOS!$B$2:$B$133, $A6) -> 5378 | G6: =IFERROR(F6/C6, 0) -> 0.73678965 | H6: =SUMIFS(RESULTADOS!$L$2:$L$133, RESULTADOS!$B$2:$B$133, $A6) -> 72.139774 | I6: =SUMIFS(RESULTADOS!$M$2:$M$133, RESULTADOS!$B$2:$B$133, $A6) -> 2619.0025
A7: FIL-09 | B7: =SUMIFS(RESULTADOS!$D$2:$D$133, RESULTADOS!$B$2:$B$133, $A7) -> 194813.06 | C7: =SUMIFS(RESULTADOS!$E$2:$E$133, RESULTADOS!$B$2:$B$133, $A7) -> 5666.4035 | D7: =SUMIFS(RESULTADOS!$F$2:$F$133, RESULTADOS!$B$2:$B$133, $A7) -> 111043.44 | E7: =IFERROR(D7/B7, 0) -> 0.56999997 | F7: =SUMIFS(RESULTADOS!$H$2:$H$133, RESULTADOS!$B$2:$B$133, $A7) -> 3542 | G7: =IFERROR(F7/C7, 0) -> 0.62508785 | H7: =SUMIFS(RESULTADOS!$L$2:$L$133, RESULTADOS!$B$2:$B$133, $A7) -> 78.681612 | I7: =SUMIFS(RESULTADOS!$M$2:$M$133, RESULTADOS!$B$2:$B$133, $A7) -> 3102.5787
A8: FIL-08 | B8: =SUMIFS(RESULTADOS!$D$2:$D$133, RESULTADOS!$B$2:$B$133, $A8) -> 26768.395 | C8: =SUMIFS(RESULTADOS!$E$2:$E$133, RESULTADOS!$B$2:$B$133, $A8) -> 977.818 | D8: =SUMIFS(RESULTADOS!$F$2:$F$133, RESULTADOS!$B$2:$B$133, $A8) -> 13613.54 | E8: =IFERROR(D8/B8, 0) -> 0.50856766 | F8: =SUMIFS(RESULTADOS!$H$2:$H$133, RESULTADOS!$B$2:$B$133, $A8) -> 528 | G8: =IFERROR(F8/C8, 0) -> 0.53997779 | H8: =SUMIFS(RESULTADOS!$L$2:$L$133, RESULTADOS!$B$2:$B$133, $A8) -> 17.311778 | I8: =SUMIFS(RESULTADOS!$M$2:$M$133, RESULTADOS!$B$2:$B$133, $A8) -> 498.69383
A9: FIL-05 | B9: =SUMIFS(RESULTADOS!$D$2:$D$133, RESULTADOS!$B$2:$B$133, $A9) -> 119318.68 | C9: =SUMIFS(RESULTADOS!$E$2:$E$133, RESULTADOS!$B$2:$B$133, $A9) -> 3853.515 | D9: =SUMIFS(RESULTADOS!$F$2:$F$133, RESULTADOS!$B$2:$B$133, $A9) -> 63385.94 | E9: =IFERROR(D9/B9, 0) -> 0.53123233 | F9: =SUMIFS(RESULTADOS!$H$2:$H$133, RESULTADOS!$B$2:$B$133, $A9) -> 1996 | G9: =IFERROR(F9/C9, 0) -> 0.51796866 | H9: =SUMIFS(RESULTADOS!$L$2:$L$133, RESULTADOS!$B$2:$B$133, $A9) -> 68.796852 | I9: =SUMIFS(RESULTADOS!$M$2:$M$133, RESULTADOS!$B$2:$B$133, $A9) -> 2071.583
A10: FIL-06 | B10: =SUMIFS(RESULTADOS!$D$2:$D$133, RESULTADOS!$B$2:$B$133, $A10) -> 93388.547 | C10: =SUMIFS(RESULTADOS!$E$2:$E$133, RESULTADOS!$B$2:$B$133, $A10) -> 2882.7468 | D10: =SUMIFS(RESULTADOS!$F$2:$F$133, RESULTADOS!$B$2:$B$133, $A10) -> 53151.16 | E10: =IFERROR(D10/B10, 0) -> 0.56914003 | F10: =SUMIFS(RESULTADOS!$H$2:$H$133, RESULTADOS!$B$2:$B$133, $A10) -> 1628 | G10: =IFERROR(F10/C10, 0) -> 0.56473916 | H10: =SUMIFS(RESULTADOS!$L$2:$L$133, RESULTADOS!$B$2:$B$133, $A10) -> 46.472104 | I10: =SUMIFS(RESULTADOS!$M$2:$M$133, RESULTADOS!$B$2:$B$133, $A10) -> 1490.2736
A11: FIL-01 | B11: =SUMIFS(RESULTADOS!$D$2:$D$133, RESULTADOS!$B$2:$B$133, $A11) -> 362545.07 | C11: =SUMIFS(RESULTADOS!$E$2:$E$133, RESULTADOS!$B$2:$B$133, $A11) -> 9662.1251 | D11: =SUMIFS(RESULTADOS!$F$2:$F$133, RESULTADOS!$B$2:$B$133, $A11) -> 281935.39 | E11: =IFERROR(D11/B11, 0) -> 0.77765611 | F11: =SUMIFS(RESULTADOS!$H$2:$H$133, RESULTADOS!$B$2:$B$133, $A11) -> 8120 | G11: =IFERROR(F11/C11, 0) -> 0.84039483 | H11: =SUMIFS(RESULTADOS!$L$2:$L$133, RESULTADOS!$B$2:$B$133, $A11) -> 59.155447 | I11: =SUMIFS(RESULTADOS!$M$2:$M$133, RESULTADOS!$B$2:$B$133, $A11) -> 3026.3269
A12: FIL-07 | B12: =SUMIFS(RESULTADOS!$D$2:$D$133, RESULTADOS!$B$2:$B$133, $A12) -> 81223.407 | C12: =SUMIFS(RESULTADOS!$E$2:$E$133, RESULTADOS!$B$2:$B$133, $A12) -> 2567.1218 | D12: =SUMIFS(RESULTADOS!$F$2:$F$133, RESULTADOS!$B$2:$B$133, $A12) -> 43516.98 | E12: =IFERROR(D12/B12, 0) -> 0.53576895 | F12: =SUMIFS(RESULTADOS!$H$2:$H$133, RESULTADOS!$B$2:$B$133, $A12) -> 1412 | G12: =IFERROR(F12/C12, 0) -> 0.55003234 | H12: =SUMIFS(RESULTADOS!$L$2:$L$133, RESULTADOS!$B$2:$B$133, $A12) -> 42.782289 | I12: =SUMIFS(RESULTADOS!$M$2:$M$133, RESULTADOS!$B$2:$B$133, $A12) -> 1397.7643
A13: FIL-10 | B13: =SUMIFS(RESULTADOS!$D$2:$D$133, RESULTADOS!$B$2:$B$133, $A13) -> 83384.413 | C13: =SUMIFS(RESULTADOS!$E$2:$E$133, RESULTADOS!$B$2:$B$133, $A13) -> 2645.649 | D13: =SUMIFS(RESULTADOS!$F$2:$F$133, RESULTADOS!$B$2:$B$133, $A13) -> 52643.16 | E13: =IFERROR(D13/B13, 0) -> 0.63133094 | F13: =SUMIFS(RESULTADOS!$H$2:$H$133, RESULTADOS!$B$2:$B$133, $A13) -> 1650 | G13: =IFERROR(F13/C13, 0) -> 0.6236655 | H13: =SUMIFS(RESULTADOS!$L$2:$L$133, RESULTADOS!$B$2:$B$133, $A13) -> 37.135444 | I13: =SUMIFS(RESULTADOS!$M$2:$M$133, RESULTADOS!$B$2:$B$133, $A13) -> 1138.5649
A14: FIL-11 | B14: =SUMIFS(RESULTADOS!$D$2:$D$133, RESULTADOS!$B$2:$B$133, $A14) -> 139183.06 | C14: =SUMIFS(RESULTADOS!$E$2:$E$133, RESULTADOS!$B$2:$B$133, $A14) -> 3795.6688 | D14: =SUMIFS(RESULTADOS!$F$2:$F$133, RESULTADOS!$B$2:$B$133, $A14) -> 101095.13 | E14: =IFERROR(D14/B14, 0) -> 0.72634651 | F14: =SUMIFS(RESULTADOS!$H$2:$H$133, RESULTADOS!$B$2:$B$133, $A14) -> 2856 | G14: =IFERROR(F14/C14, 0) -> 0.75243657 | H14: =SUMIFS(RESULTADOS!$L$2:$L$133, RESULTADOS!$B$2:$B$133, $A14) -> 43.193215 | I14: =SUMIFS(RESULTADOS!$M$2:$M$133, RESULTADOS!$B$2:$B$133, $A14) -> 1767.0362
A15: Total Geral | B15: =SUM(B4:B14) -> 1560417.2 | C15: =SUM(C4:C14) -> 45019.95 | D15: =SUM(D4:D14) -> 1025572.5 | E15: =IFERROR(D15/B15, 0) -> 0.65724247 | F15: =SUM(F4:F14) -> 30286 | G15: =IFERROR(F15/C15, 0) -> 0.67272399 | H15: =SUM(H4:H14) -> 558.02658 | I15: =SUM(I4:I14) -> 20370.568
A18: MARCA | B18: META (R$) | C18: META QTD | D18: REALIZADO (R$) | E18: % REALIZADO (R$) | F18: OBJ REALIZADO | G18: % REALIZADO OBJ | H18: META/DIA (QTD) | I18: META/DIA (R$)
A19: MARCA_11 (MAKEUP) | B19: =SUMIFS(RESULTADOS!$D$2:$D$133, RESULTADOS!$A$2:$A$133, $A19) -> 55411.08 | C19: =SUMIFS(RESULTADOS!$E$2:$E$133, RESULTADOS!$A$2:$A$133, $A19) -> 2174 | D19: =SUMIFS(RESULTADOS!$F$2:$F$133, RESULTADOS!$A$2:$A$133, $A19) -> 37218.84 | E19: =IFERROR(D19/B19, 0) -> 0.67168588 | F19: =SUMIFS(RESULTADOS!$H$2:$H$133, RESULTADOS!$A$2:$A$133, $A19) -> 1426 | G19: =IFERROR(F19/C19, 0) -> 0.65593376 | H19: =SUMIFS(RESULTADOS!$L$2:$L$133, RESULTADOS!$A$2:$A$133, $A19) -> 31.771111 | I19: =SUMIFS(RESULTADOS!$M$2:$M$133, RESULTADOS!$A$2:$A$133, $A19) -> 792.15979
A20: MARCA_01 (CARE) | B20: =SUMIFS(RESULTADOS!$D$2:$D$133, RESULTADOS!$A$2:$A$133, $A20) -> 18466.52 | C20: =SUMIFS(RESULTADOS!$E$2:$E$133, RESULTADOS!$A$2:$A$133, $A20) -> 980 | D20: =SUMIFS(RESULTADOS!$F$2:$F$133, RESULTADOS!$A$2:$A$133, $A20) -> 12794.36 | E20: =IFERROR(D20/B20, 0) -> 0.69284088 | F20: =SUMIFS(RESULTADOS!$H$2:$H$133, RESULTADOS!$A$2:$A$133, $A20) -> 664 | G20: =IFERROR(F20/C20, 0) -> 0.67755102 | H20: =SUMIFS(RESULTADOS!$L$2:$L$133, RESULTADOS!$A$2:$A$133, $A20) -> 13.540741 | I20: =SUMIFS(RESULTADOS!$M$2:$M$133, RESULTADOS!$A$2:$A$133, $A20) -> 253.39661
A21: MARCA_03 (DAILY) | B21: =SUMIFS(RESULTADOS!$D$2:$D$133, RESULTADOS!$A$2:$A$133, $A21) -> 124742.33 | C21: =SUMIFS(RESULTADOS!$E$2:$E$133, RESULTADOS!$A$2:$A$133, $A21) -> 4572 | D21: =SUMIFS(RESULTADOS!$F$2:$F$133, RESULTADOS!$A$2:$A$133, $A21) -> 78585.74 | E21: =IFERROR(D21/B21, 0) -> 0.62998454 | F21: =SUMIFS(RESULTADOS!$H$2:$H$133, RESULTADOS!$A$2:$A$133, $A21) -> 2790 | G21: =IFERROR(F21/C21, 0) -> 0.61023622 | H21: =SUMIFS(RESULTADOS!$L$2:$L$133, RESULTADOS!$A$2:$A$133, $A21) -> 66 | I21: =SUMIFS(RESULTADOS!$M$2:$M$133, RESULTADOS!$A$2:$A$133, $A21) -> 1709.5033
A22: MARCA_02 (PRO) | B22: =SUMIFS(RESULTADOS!$D$2:$D$133, RESULTADOS!$A$2:$A$133, $A22) -> 168576.67 | C22: =SUMIFS(RESULTADOS!$E$2:$E$133, RESULTADOS!$A$2:$A$133, $A22) -> 4412 | D22: =SUMIFS(RESULTADOS!$F$2:$F$133, RESULTADOS!$A$2:$A$133, $A22) -> 120286.23 | E22: =IFERROR(D22/B22, 0) -> 0.7135402 | F22: =SUMIFS(RESULTADOS!$H$2:$H$133, RESULTADOS!$A$2:$A$133, $A22) -> 3122 | G22: =IFERROR(F22/C22, 0) -> 0.70761559 | H22: =SUMIFS(RESULTADOS!$L$2:$L$133, RESULTADOS!$A$2:$A$133, $A22) -> 48.62 | I22: =SUMIFS(RESULTADOS!$M$2:$M$133, RESULTADOS!$A$2:$A$133, $A22) -> 1882.0315
A23: MARCA_06 (IMPORT) | B23: =SUMIFS(RESULTADOS!$D$2:$D$133, RESULTADOS!$A$2:$A$133, $A23) -> 43796.887 | C23: =SUMIFS(RESULTADOS!$E$2:$E$133, RESULTADOS!$A$2:$A$133, $A23) -> 320.0097 | D23: =SUMIFS(RESULTADOS!$F$2:$F$133, RESULTADOS!$A$2:$A$133, $A23) -> 20137.6 | E23: =IFERROR(D23/B23, 0) -> 0.45979523 | F23: =SUMIFS(RESULTADOS!$H$2:$H$133, RESULTADOS!$A$2:$A$133, $A23) -> 170 | G23: =IFERROR(F23/C23, 0) -> 0.5312339 | H23: =SUMIFS(RESULTADOS!$L$2:$L$133, RESULTADOS!$A$2:$A$133, $A23) -> 6.4448036 | I23: =SUMIFS(RESULTADOS!$M$2:$M$133, RESULTADOS!$A$2:$A$133, $A23) -> 1030.6273
A24: MARCA_07 (GLOBAL) | B24: =SUMIFS(RESULTADOS!$D$2:$D$133, RESULTADOS!$A$2:$A$133, $A24) -> 380971.67 | C24: =SUMIFS(RESULTADOS!$E$2:$E$133, RESULTADOS!$A$2:$A$133, $A24) -> 8990 | D24: =SUMIFS(RESULTADOS!$F$2:$F$133, RESULTADOS!$A$2:$A$133, $A24) -> 301200.87 | E24: =IFERROR(D24/B24, 0) -> 0.79061225 | F24: =SUMIFS(RESULTADOS!$H$2:$H$133, RESULTADOS!$A$2:$A$133, $A24) -> 7156 | G24: =IFERROR(F24/C24, 0) -> 0.79599555 | H24: =SUMIFS(RESULTADOS!$L$2:$L$133, RESULTADOS!$A$2:$A$133, $A24) -> 67.925926 | I24: =SUMIFS(RESULTADOS!$M$2:$M$133, RESULTADOS!$A$2:$A$133, $A24) -> 2954.4741
A25: MARCA_12 (UTILITIES) | B25: =SUMIFS(RESULTADOS!$D$2:$D$133, RESULTADOS!$A$2:$A$133, $A25) -> 97934.52 | C25: =SUMIFS(RESULTADOS!$E$2:$E$133, RESULTADOS!$A$2:$A$133, $A25) -> 6622 | D25: =SUMIFS(RESULTADOS!$F$2:$F$133, RESULTADOS!$A$2:$A$133, $A25) -> 68953.65 | E25: =IFERROR(D25/B25, 0) -> 0.70407911 | F25: =SUMIFS(RESULTADOS!$H$2:$H$133, RESULTADOS!$A$2:$A$133, $A25) -> 4658 | G25: =IFERROR(F25/C25, 0) -> 0.70341287 | H25: =SUMIFS(RESULTADOS!$L$2:$L$133, RESULTADOS!$A$2:$A$133, $A25) -> 73.952889 | I25: =SUMIFS(RESULTADOS!$M$2:$M$133, RESULTADOS!$A$2:$A$133, $A25) -> 1107.7382
A26: MARCA_04 (DERMO) | B26: =SUMIFS(RESULTADOS!$D$2:$D$133, RESULTADOS!$A$2:$A$133, $A26) -> 23323.96 | C26: =SUMIFS(RESULTADOS!$E$2:$E$133, RESULTADOS!$A$2:$A$133, $A26) -> 600 | D26: =SUMIFS(RESULTADOS!$F$2:$F$133, RESULTADOS!$A$2:$A$133, $A26) -> 12455.48 | E26: =IFERROR(D26/B26, 0) -> 0.53402081 | F26: =SUMIFS(RESULTADOS!$H$2:$H$133, RESULTADOS!$A$2:$A$133, $A26) -> 288 | G26: =IFERROR(F26/C26, 0) -> 0.48 | H26: =SUMIFS(RESULTADOS!$L$2:$L$133, RESULTADOS!$A$2:$A$133, $A26) -> 11.696296 | I26: =SUMIFS(RESULTADOS!$M$2:$M$133, RESULTADOS!$A$2:$A$133, $A26) -> 460.68075
A27: MARCA_05 (ACESSÓRIOS) | B27: =SUMIFS(RESULTADOS!$D$2:$D$133, RESULTADOS!$A$2:$A$133, $A27) -> 14254.35 | C27: =SUMIFS(RESULTADOS!$E$2:$E$133, RESULTADOS!$A$2:$A$133, $A27) -> 736 | D27: =SUMIFS(RESULTADOS!$F$2:$F$133, RESULTADOS!$A$2:$A$133, $A27) -> 9060.66 | E27: =IFERROR(D27/B27, 0) -> 0.63564175 | F27: =SUMIFS(RESULTADOS!$H$2:$H$133, RESULTADOS!$A$2:$A$133, $A27) -> 534 | G27: =IFERROR(F27/C27, 0) -> 0.72554348 | H27: =SUMIFS(RESULTADOS!$L$2:$L$133, RESULTADOS!$A$2:$A$133, $A27) -> 7.8251852 | I27: =SUMIFS(RESULTADOS!$M$2:$M$133, RESULTADOS!$A$2:$A$133, $A27) -> 193.58885
A28: MARCA_08 (LUXURY) | B28: =SUMIFS(RESULTADOS!$D$2:$D$133, RESULTADOS!$A$2:$A$133, $A28) -> 6626.45 | C28: =SUMIFS(RESULTADOS!$E$2:$E$133, RESULTADOS!$A$2:$A$133, $A28) -> 60 | D28: =SUMIFS(RESULTADOS!$F$2:$F$133, RESULTADOS!$A$2:$A$133, $A28) -> 383.87 | E28: =IFERROR(D28/B28, 0) -> 0.057929962 | F28: =SUMIFS(RESULTADOS!$H$2:$H$133, RESULTADOS!$A$2:$A$133, $A28) -> 2 | G28: =IFERROR(F28/C28, 0) -> 0.033333333 | H28: =SUMIFS(RESULTADOS!$L$2:$L$133, RESULTADOS!$A$2:$A$133, $A28) -> 2.1481481 | I28: =SUMIFS(RESULTADOS!$M$2:$M$133, RESULTADOS!$A$2:$A$133, $A28) -> 231.20667
A29: MARCA_10 (TREAT) | B29: =SUMIFS(RESULTADOS!$D$2:$D$133, RESULTADOS!$A$2:$A$133, $A29) -> 93098.49 | C29: =SUMIFS(RESULTADOS!$E$2:$E$133, RESULTADOS!$A$2:$A$133, $A29) -> 4368 | D29: =SUMIFS(RESULTADOS!$F$2:$F$133, RESULTADOS!$A$2:$A$133, $A29) -> 50353.45 | E29: =IFERROR(D29/B29, 0) -> 0.54086216 | F29: =SUMIFS(RESULTADOS!$H$2:$H$133, RESULTADOS!$A$2:$A$133, $A29) -> 2396 | G29: =IFERROR(F29/C29, 0) -> 0.5485348 | H29: =SUMIFS(RESULTADOS!$L$2:$L$133, RESULTADOS!$A$2:$A$133, $A29) -> 73.037037 | I29: =SUMIFS(RESULTADOS!$M$2:$M$133, RESULTADOS!$A$2:$A$133, $A29) -> 1583.1496
A30: MARCA_13 (BODY) | B30: =SUMIFS(RESULTADOS!$D$2:$D$133, RESULTADOS!$A$2:$A$133, $A30) -> 20844.85 | C30: =SUMIFS(RESULTADOS!$E$2:$E$133, RESULTADOS!$A$2:$A$133, $A30) -> 360 | D30: =SUMIFS(RESULTADOS!$F$2:$F$133, RESULTADOS!$A$2:$A$133, $A30) -> 8851.35 | E30: =IFERROR(D30/B30, 0) -> 0.42463006 | F30: =SUMIFS(RESULTADOS!$H$2:$H$133, RESULTADOS!$A$2:$A$133, $A30) -> 154 | G30: =IFERROR(F30/C30, 0) -> 0.42777778 | H30: =SUMIFS(RESULTADOS!$L$2:$L$133, RESULTADOS!$A$2:$A$133, $A30) -> 8.6666667 | I30: =SUMIFS(RESULTADOS!$M$2:$M$133, RESULTADOS!$A$2:$A$133, $A30) -> 502.41602
... A33: MARCA_15 (TECH) | B33: =SUMIFS(RESULTADOS!$D$2:$D$133, RESULTADOS!$A$2:$A$133, $A33) -> 38357.764 | C33: =SUMIFS(RESULTADOS!$E$2:$E$133, RESULTADOS!$A$2:$A$133, $A33) -> 599.94 | D33: =SUMIFS(RESULTADOS!$F$2:$F$133, RESULTADOS!$A$2:$A$133, $A33) -> 26121.79 | E33: =IFERROR(D33/B33, 0) -> 0.68100398 | F33: =SUMIFS(RESULTADOS!$H$2:$H$133, RESULTADOS!$A$2:$A$133, $A33) -> 380 | G33: =IFERROR(F33/C33, 0) -> 0.63339667 | H33: =SUMIFS(RESULTADOS!$L$2:$L$133, RESULTADOS!$A$2:$A$133, $A33) -> 8.1459259 | I33: =SUMIFS(RESULTADOS!$M$2:$M$133, RESULTADOS!$A$2:$A$133, $A33) -> 453.18422
A34: Total Geral | B34: =SUM(B19:B33) -> 1560417.2 | C34: =SUM(C19:C33) -> 45019.95 | D34: =SUM(D19:D33) -> 1025572.5 | E34: =IFERROR(D34/B34, 0) -> 0.65724247 | F34: =SUM(F19:F33) -> 30286 | G34: =IFERROR(F34/C34, 0) -> 0.67272399 | H34: =SUM(H19:H33) -> 558.02658 | I34: =SUM(I19:I33) -> 20370.568

Sheet RESULTADOS
A1: MARCA | B1: LOJA | C1: PESO | D1: META LOJA (R$) | E1: META LOJA QTD | F1: REALIZADO (R$) | G1: %REALIZADO (R$) | H1: OBJ REALIZADO | I1: %OBJ REALIZADO | J1: TENDÊNCIA (R$) | K1: TENDÊNCIA QTD | L1: META/DIA | M1: META/DIA ($) | O1: DATA RELATÓRIO | P1: 3 | Q1: DIAS DO MÊS | R1: 30
A2: MARCA_01 (CARE) | B2: FIL-02 | C2: =IF(ISNUMBER(INDEX('METAS E PESOS'!$D$3:$N$17,MATCH($A2,'METAS E PESOS'!$A$3:$A$17,0),MATCH($B2,'METAS E PESOS'!$D$2:$N$2,0))),INDEX('METAS E PESOS'!$D$3:$N$17,MATCH($A2,'METAS E PESOS'!$A$3:$A$17,0),MATCH($B2,'METAS E PESOS'!$D$2:$N$2,0)),0) -> 0.142 | D2: =INDEX('METAS E PESOS'!$C$3:$C$17,MATCH($A2,'METAS E PESOS'!$A$3:$A$17,0))*$C2 -> 2622.2458 | E2: =INDEX('METAS E PESOS'!$B$3:$B$17,MATCH($A2,'METAS E PESOS'!$A$3:$A$17,0))*$C2 -> 139.16 | F2: =SUMIFS(BASE_VENDAS!$E$2:$E$125,BASE_VENDAS!$A$2:$A$125,$A2,BASE_VENDAS!$C$2:$C$125,$B2) -> 1124.2 | G2: =IFERROR($F2/$D2,0) -> 0.42871648 | H2: =SUMIFS(BASE_VENDAS!$D$2:$D$125,BASE_VENDAS!$A$2:$A$125,$A2,BASE_VENDAS!$C$2:$C$125,$B2) -> 64 | I2: =IFERROR($H2/$E2,0) -> 0.45990227 | J2: =$F2/$P$1*$R$1 -> 11242 | K2: =$H2/$P$1*$R$1 -> 640 | L2: =IF((($E2-$H2)/($R$1-$P$1))<0,0,($E2-$H2)/($R$1-$P$1)) -> 2.7837037 | M2: =IF((($D2-$F2)/($R$1-$P$1))<0,0,($D2-$F2)/($R$1-$P$1)) -> 55.483179
A3: MARCA_01 (CARE) | B3: FIL-10 | C3: =IF(ISNUMBER(INDEX('METAS E PESOS'!$D$3:$N$17,MATCH($A3,'METAS E PESOS'!$A$3:$A$17,0),MATCH($B3,'METAS E PESOS'!$D$2:$N$2,0))),INDEX('METAS E PESOS'!$D$3:$N$17,MATCH($A3,'METAS E PESOS'!$A$3:$A$17,0),MATCH($B3,'METAS E PESOS'!$D$2:$N$2,0)),0) -> 0.116 | D3: =INDEX('METAS E PESOS'!$C$3:$C$17,MATCH($A3,'METAS E PESOS'!$A$3:$A$17,0))*$C3 -> 2142.1163 | E3: =INDEX('METAS E PESOS'!$B$3:$B$17,MATCH($A3,'METAS E PESOS'!$A$3:$A$17,0))*$C3 -> 113.68 | F3: =SUMIFS(BASE_VENDAS!$E$2:$E$125,BASE_VENDAS!$A$2:$A$125,$A3,BASE_VENDAS!$C$2:$C$125,$B3) -> 1302.45 | G3: =IFERROR($F3/$D3,0) -> 0.6080202 | H3: =SUMIFS(BASE_VENDAS!$D$2:$D$125,BASE_VENDAS!$A$2:$A$125,$A3,BASE_VENDAS!$C$2:$C$125,$B3) -> 74 | I3: =IFERROR($H3/$E3,0) -> 0.65095004 | J3: =$F3/$P$1*$R$1 -> 13024.5 | K3: =$H3/$P$1*$R$1 -> 740 | L3: =IF((($E3-$H3)/($R$1-$P$1))<0,0,($E3-$H3)/($R$1-$P$1)) -> 1.4696296 | M3: =IF((($D3-$F3)/($R$1-$P$1))<0,0,($D3-$F3)/($R$1-$P$1)) -> 31.098753
A4: MARCA_01 (CARE) | B4: FIL-04 | C4: =IF(ISNUMBER(INDEX('METAS E PESOS'!$D$3:$N$17,MATCH($A4,'METAS E PESOS'!$A$3:$A$17,0),MATCH($B4,'METAS E PESOS'!$D$2:$N$2,0))),INDEX('METAS E PESOS'!$D$3:$N$17,MATCH($A4,'METAS E PESOS'!$A$3:$A$17,0),MATCH($B4,'METAS E PESOS'!$D$2:$N$2,0)),0) -> 0.092 | D4: =INDEX('METAS E PESOS'!$C$3:$C$17,MATCH($A4,'METAS E PESOS'!$A$3:$A$17,0))*$C4 -> 1698.9198 | E4: =INDEX('METAS E PESOS'!$B$3:$B$17,MATCH($A4,'METAS E PESOS'!$A$3:$A$17,0))*$C4 -> 90.16 | F4: =SUMIFS(BASE_VENDAS!$E$2:$E$125,BASE_VENDAS!$A$2:$A$125,$A4,BASE_VENDAS!$C$2:$C$125,$B4) -> 1508.31 | G4: =IFERROR($F4/$D4,0) -> 0.88780528 | H4: =SUMIFS(BASE_VENDAS!$D$2:$D$125,BASE_VENDAS!$A$2:$A$125,$A4,BASE_VENDAS!$C$2:$C$125,$B4) -> 76 | I4: =IFERROR($H4/$E4,0) -> 0.84294587 | J4: =$F4/$P$1*$R$1 -> 15083.1 | K4: =$H4/$P$1*$R$1 -> 760 | L4: =IF((($E4-$H4)/($R$1-$P$1))<0,0,($E4-$H4)/($R$1-$P$1)) -> 0.52444444 | M4: =IF((($D4-$F4)/($R$1-$P$1))<0,0,($D4-$F4)/($R$1-$P$1)) -> 7.0596237
A5: MARCA_01 (CARE) | B5: FIL-08 | C5: =IF(ISNUMBER(INDEX('METAS E PESOS'!$D$3:$N$17,MATCH($A5,'METAS E PESOS'!$A$3:$A$17,0),MATCH($B5,'METAS E PESOS'!$D$2:$N$2,0))),INDEX('METAS E PESOS'!$D$3:$N$17,MATCH($A5,'METAS E PESOS'!$A$3:$A$17,0),MATCH($B5,'METAS E PESOS'!$D$2:$N$2,0)),0) -> 0.08 | D5: =INDEX('METAS E PESOS'!$C$3:$C$17,MATCH($A5,'METAS E PESOS'!$A$3:$A$17,0))*$C5 -> 1477.3216 | E5: =INDEX('METAS E PESOS'!$B$3:$B$17,MATCH($A5,'METAS E PESOS'!$A$3:$A$17,0))*$C5 -> 78.4 | F5: =SUMIFS(BASE_VENDAS!$E$2:$E$125,BASE_VENDAS!$A$2:$A$125,$A5,BASE_VENDAS!$C$2:$C$125,$B5) -> 1787.2 | G5: =IFERROR($F5/$D5,0) -> 1.2097569 | H5: =SUMIFS(BASE_VENDAS!$D$2:$D$125,BASE_VENDAS!$A$2:$A$125,$A5,BASE_VENDAS!$C$2:$C$125,$B5) -> 96 | I5: =IFERROR($H5/$E5,0) -> 1.2244898 | J5: =$F5/$P$1*$R$1 -> 17872 | K5: =$H5/$P$1*$R$1 -> 960 | L5: =IF((($E5-$H5)/($R$1-$P$1))<0,0,($E5-$H5)/($R$1-$P$1)) -> 0 | M5: =IF((($D5-$F5)/($R$1-$P$1))<0,0,($D5-$F5)/($R$1-$P$1)) -> 0
A6: MARCA_01 (CARE) | B6: FIL-09 | C6: =IF(ISNUMBER(INDEX('METAS E PESOS'!$D$3:$N$17,MATCH($A6,'METAS E PESOS'!$A$3:$A$17,0),MATCH($B6,'METAS E PESOS'!$D$2:$N$2,0))),INDEX('METAS E PESOS'!$D$3:$N$17,MATCH($A6,'METAS E PESOS'!$A$3:$A$17,0),MATCH($B6,'METAS E PESOS'!$D$2:$N$2,0)),0) -> 0.135 | D6: =INDEX('METAS E PESOS'!$C$3:$C$17,MATCH($A6,'METAS E PESOS'!$A$3:$A$17,0))*$C6 -> 2492.9802 | E6: =INDEX('METAS E PESOS'!$B$3:$B$17,MATCH($A6,'METAS E PESOS'!$A$3:$A$17,0))*$C6 -> 132.3 | F6: =SUMIFS(BASE_VENDAS!$E$2:$E$125,BASE_VENDAS!$A$2:$A$125,$A6,BASE_VENDAS!$C$2:$C$125,$B6) -> 769.16 | G6: =IFERROR($F6/$D6,0) -> 0.30853033 | H6: =SUMIFS(BASE_VENDAS!$D$2:$D$125,BASE_VENDAS!$A$2:$A$125,$A6,BASE_VENDAS!$C$2:$C$125,$B6) -> 44 | I6: =IFERROR($H6/$E6,0) -> 0.33257748 | J6: =$F6/$P$1*$R$1 -> 7691.6 | K6: =$H6/$P$1*$R$1 -> 440 | L6: =IF((($E6-$H6)/($R$1-$P$1))<0,0,($E6-$H6)/($R$1-$P$1)) -> 3.2703704 | M6: =IF((($D6-$F6)/($R$1-$P$1))<0,0,($D6-$F6)/($R$1-$P$1)) -> 63.845193
A7: MARCA_01 (CARE) | B7: FIL-05 | C7: =IF(ISNUMBER(INDEX('METAS E PESOS'!$D$3:$N$17,MATCH($A7,'METAS E PESOS'!$A$3:$A$17,0),MATCH($B7,'METAS E PESOS'!$D$2:$N$2,0))),INDEX('METAS E PESOS'!$D$3:$N$17,MATCH($A7,'METAS E PESOS'!$A$3:$A$17,0),MATCH($B7,'METAS E PESOS'!$D$2:$N$2,0)),0) -> 0.161 | D7: =INDEX('METAS E PESOS'!$C$3:$C$17,MATCH($A7,'METAS E PESOS'!$A$3:$A$17,0))*$C7 -> 2973.1097 | E7: =INDEX('METAS E PESOS'!$B$3:$B$17,MATCH($A7,'METAS E PESOS'!$A$3:$A$17,0))*$C7 -> 157.78 | F7: =SUMIFS(BASE_VENDAS!$E$2:$E$125,BASE_VENDAS!$A$2:$A$125,$A7,BASE_VENDAS!$C$2:$C$125,$B7) -> 1778.68 | G7: =IFERROR($F7/$D7,0) -> 0.59825575 | H7: =SUMIFS(BASE_VENDAS!$D$2:$D$125,BASE_VENDAS!$A$2:$A$125,$A7,BASE_VENDAS!$C$2:$C$125,$B7) -> 86 | I7: =IFERROR($H7/$E7,0) -> 0.54506275 | J7: =$F7/$P$1*$R$1 -> 17786.8 | K7: =$H7/$P$1*$R$1 -> 860 | L7: =IF((($E7-$H7)/($R$1-$P$1))<0,0,($E7-$H7)/($R$1-$P$1)) -> 2.6585185 | M7: =IF((($D7-$F7)/($R$1-$P$1))<0,0,($D7-$F7)/($R$1-$P$1)) -> 44.238138
A8: MARCA_01 (CARE) | B8: FIL-06 | C8: =IF(ISNUMBER(INDEX('METAS E PESOS'!$D$3:$N$17,MATCH($A8,'METAS E PESOS'!$A$3:$A$17,0),MATCH($B8,'METAS E PESOS'!$D$2:$N$2,0))),INDEX('METAS E PESOS'!$D$3:$N$17,MATCH($A8,'METAS E PESOS'!$A$3:$A$17,0),MATCH($B8,'METAS E PESOS'!$D$2:$N$2,0)),0) -> 0.059 | D8: =INDEX('METAS E PESOS'!$C$3:$C$17,MATCH($A8,'METAS E PESOS'!$A$3:$A$17,0))*$C8 -> 1089.5247 | E8: =INDEX('METAS E PESOS'!$B$3:$B$17,MATCH($A8,'METAS E PESOS'!$A$3:$A$17,0))*$C8 -> 57.82 | F8: =SUMIFS(BASE_VENDAS!$E$2:$E$125,BASE_VENDAS!$A$2:$A$125,$A8,BASE_VENDAS!$C$2:$C$125,$B8) -> 623.83 | G8: =IFERROR($F8/$D8,0) -> 0.57257078 | H8: =SUMIFS(BASE_VENDAS!$D$2:$D$125,BASE_VENDAS!$A$2:$A$125,$A8,BASE_VENDAS!$C$2:$C$125,$B8) -> 36 | I8: =IFERROR($H8/$E8,0) -> 0.62262193 | J8: =$F8/$P$1*$R$1 -> 6238.3 | K8: =$H8/$P$1*$R$1 -> 360 | L8: =IF((($E8-$H8)/($R$1-$P$1))<0,0,($E8-$H8)/($R$1-$P$1)) -> 0.80814815 | M8: =IF((($D8-$F8)/($R$1-$P$1))<0,0,($D8-$F8)/($R$1-$P$1)) -> 17.247951
A9: MARCA_01 (CARE) | B9: FIL-01 | C9: =IF(ISNUMBER(INDEX('METAS E PESOS'!$D$3:$N$17,MATCH($A9,'METAS E PESOS'!$A$3:$A$17,0),MATCH($B9,'METAS E PESOS'!$D$2:$N$2,0))),INDEX('METAS E PESOS'!$D$3:$N$17,MATCH($A9,'METAS E PESOS'!$A$3:$A$17,0),MATCH($B9,'METAS E PESOS'!$D$2:$N$2,0)),0) -> 0.092 | D9: =INDEX('METAS E PESOS'!$C$3:$C$17,MATCH($A9,'METAS E PESOS'!$A$3:$A$17,0))*$C9 -> 1698.9198 | E9: =INDEX('METAS E PESOS'!$B$3:$B$17,MATCH($A9,'METAS E PESOS'!$A$3:$A$17,0))*$C9 -> 90.16 | F9: =SUMIFS(BASE_VENDAS!$E$2:$E$125,BASE_VENDAS!$A$2:$A$125,$A9,BASE_VENDAS!$C$2:$C$125,$B9) -> 1872 | G9: =IFERROR($F9/$D9,0) -> 1.1018766 | H9: =SUMIFS(BASE_VENDAS!$D$2:$D$125,BASE_VENDAS!$A$2:$A$125,$A9,BASE_VENDAS!$C$2:$C$125,$B9) -> 90 | I9: =IFERROR($H9/$E9,0) -> 0.99822538 | J9: =$F9/$P$1*$R$1 -> 18720 | K9: =$H9/$P$1*$R$1 -> 900 | L9: =IF((($E9-$H9)/($R$1-$P$1))<0,0,($E9-$H9)/($R$1-$P$1)) -> 0.0059259259 | M9: =IF((($D9-$F9)/($R$1-$P$1))<0,0,($D9-$F9)/($R$1-$P$1)) -> 0
A10: MARCA_01 (CARE) | B10: FIL-03 | C10: =IF(ISNUMBER(INDEX('METAS E PESOS'!$D$3:$N$17,MATCH($A10,'METAS E PESOS'!$A$3:$A$17,0),MATCH($B10,'METAS E PESOS'!$D$2:$N$2,0))),INDEX('METAS E PESOS'!$D$3:$N$17,MATCH($A10,'METAS E PESOS'!$A$3:$A$17,0),MATCH($B10,'METAS E PESOS'!$D$2:$N$2,0)),0) -> 0.059 | D10: =INDEX('METAS E PESOS'!$C$3:$C$17,MATCH($A10,'METAS E PESOS'!$A$3:$A$17,0))*$C10 -> 1089.5247 | E10: =INDEX('METAS E PESOS'!$B$3:$B$17,MATCH($A10,'METAS E PESOS'!$A$3:$A$17,0))*$C10 -> 57.82 | F10: =SUMIFS(BASE_VENDAS!$E$2:$E$125,BASE_VENDAS!$A$2:$A$125,$A10,BASE_VENDAS!$C$2:$C$125,$B10) -> 867.84 | G10: =IFERROR($F10/$D10,0) -> 0.79653083 | H10: =SUMIFS(BASE_VENDAS!$D$2:$D$125,BASE_VENDAS!$A$2:$A$125,$A10,BASE_VENDAS!$C$2:$C$125,$B10) -> 40 | I10: =IFERROR($H10/$E10,0) -> 0.69180214 | J10: =$F10/$P$1*$R$1 -> 8678.4 | K10: =$H10/$P$1*$R$1 -> 400 | L10: =IF((($E10-$H10)/($R$1-$P$1))<0,0,($E10-$H10)/($R$1-$P$1)) -> 0.66 | M10: =IF((($D10-$F10)/($R$1-$P$1))<0,0,($D10-$F10)/($R$1-$P$1)) -> 8.2105437
A11: MARCA_01 (CARE) | B11: FIL-07 | C11: =IF(ISNUMBER(INDEX('METAS E PESOS'!$D$3:$N$17,MATCH($A11,'METAS E PESOS'!$A$3:$A$17,0),MATCH($B11,'METAS E PESOS'!$D$2:$N$2,0))),INDEX('METAS E PESOS'!$D$3:$N$17,MATCH($A11,'METAS E PESOS'!$A$3:$A$17,0),MATCH($B11,'METAS E PESOS'!$D$2:$N$2,0)),0) -> 0.064 | D11: =INDEX('METAS E PESOS'!$C$3:$C$17,MATCH($A11,'METAS E PESOS'!$A$3:$A$17,0))*$C11 -> 1181.8573 | E11: =INDEX('METAS E PESOS'!$B$3:$B$17,MATCH($A11,'METAS E PESOS'!$A$3:$A$17,0))*$C11 -> 62.72 | F11: =SUMIFS(BASE_VENDAS!$E$2:$E$125,BASE_VENDAS!$A$2:$A$125,$A11,BASE_VENDAS!$C$2:$C$125,$B11) -> 474.1 | G11: =IFERROR($F11/$D11,0) -> 0.40114827 | H11: =SUMIFS(BASE_VENDAS!$D$2:$D$125,BASE_VENDAS!$A$2:$A$125,$A11,BASE_VENDAS!$C$2:$C$125,$B11) -> 26 | I11: =IFERROR($H11/$E11,0) -> 0.41454082 | J11: =$F11/$P$1*$R$1 -> 4741 | K11: =$H11/$P$1*$R$1 -> 260 | L11: =IF((($E11-$H11)/($R$1-$P$1))<0,0,($E11-$H11)/($R$1-$P$1)) -> 1.36 | M11: =IF((($D11-$F11)/($R$1-$P$1))<0,0,($D11-$F11)/($R$1-$P$1)) -> 26.213233
A12: MARCA_01 (CARE) | B12: FIL-11 | C12: =IF(ISNUMBER(INDEX('METAS E PESOS'!$D$3:$N$17,MATCH($A12,'METAS E PESOS'!$A$3:$A$17,0),MATCH($B12,'METAS E PESOS'!$D$2:$N$2,0))),INDEX('METAS E PESOS'!$D$3:$N$17,MATCH($A12,'METAS E PESOS'!$A$3:$A$17,0),MATCH($B12,'METAS E PESOS'!$D$2:$N$2,0)),0) -> 0 | D12: =INDEX('METAS E PESOS'!$C$3:$C$17,MATCH($A12,'METAS E PESOS'!$A$3:$A$17,0))*$C12 -> 0 | E12: =INDEX('METAS E PESOS'!$B$3:$B$17,MATCH($A12,'METAS E PESOS'!$A$3:$A$17,0))*$C12 -> 0 | F12: =SUMIFS(BASE_VENDAS!$E$2:$E$125,BASE_VENDAS!$A$2:$A$125,$A12,BASE_VENDAS!$C$2:$C$125,$B12) -> 686.59 | G12: =IFERROR($F12/$D12,0) -> 0 | H12: =SUMIFS(BASE_VENDAS!$D$2:$D$125,BASE_VENDAS!$A$2:$A$125,$A12,BASE_VENDAS!$C$2:$C$125,$B12) -> 32 | I12: =IFERROR($H12/$E12,0) -> 0 | J12: =$F12/$P$1*$R$1 -> 6865.9 | K12: =$H12/$P$1*$R$1 -> 320 | L12: =IF((($E12-$H12)/($R$1-$P$1))<0,0,($E12-$H12)/($R$1-$P$1)) -> 0 | M12: =IF((($D12-$F12)/($R$1-$P$1))<0,0,($D12-$F12)/($R$1-$P$1)) -> 0
A13: MARCA_02 (PRO) | B13: FIL-02 | C13: =IF(ISNUMBER(INDEX('METAS E PESOS'!$D$3:$N$17,MATCH($A13,'METAS E PESOS'!$A$3:$A$17,0),MATCH($B13,'METAS E PESOS'!$D$2:$N$2,0))),INDEX('METAS E PESOS'!$D$3:$N$17,MATCH($A13,'METAS E PESOS'!$A$3:$A$17,0),MATCH($B13,'METAS E PESOS'!$D$2:$N$2,0)),0) -> 0.106 | D13: =INDEX('METAS E PESOS'!$C$3:$C$17,MATCH($A13,'METAS E PESOS'!$A$3:$A$17,0))*$C13 -> 17869.127 | E13: =INDEX('METAS E PESOS'!$B$3:$B$17,MATCH($A13,'METAS E PESOS'!$A$3:$A$17,0))*$C13 -> 467.672 | F13: =SUMIFS(BASE_VENDAS!$E$2:$E$125,BASE_VENDAS!$A$2:$A$125,$A13,BASE_VENDAS!$C$2:$C$125,$B13) -> 12572.54 | G13: =IFERROR($F13/$D13,0) -> 0.70359005 | H13: =SUMIFS(BASE_VENDAS!$D$2:$D$125,BASE_VENDAS!$A$2:$A$125,$A13,BASE_VENDAS!$C$2:$C$125,$B13) -> 334 | I13: =IFERROR($H13/$E13,0) -> 0.71417575 | J13: =$F13/$P$1*$R$1 -> 125725.4 | K13: =$H13/$P$1*$R$1 -> 3340 | L13: =IF((($E13-$H13)/($R$1-$P$1))<0,0,($E13-$H13)/($R$1-$P$1)) -> 4.9508148 | M13: =IF((($D13-$F13)/($R$1-$P$1))<0,0,($D13-$F13)/($R$1-$P$1)) -> 196.16989
... A133: MARCA_15 (TECH) | B133: FIL-03 | C133: =IF(ISNUMBER(INDEX('METAS E PESOS'!$D$3:$N$17,MATCH($A133,'METAS E PESOS'!$A$3:$A$17,0),MATCH($B133,'METAS E PESOS'!$D$2:$N$2,0))),INDEX('METAS E PESOS'!$D$3:$N$17,MATCH($A133,'METAS E PESOS'!$A$3:$A$17,0),MATCH($B133,'METAS E PESOS'!$D$2:$N$2,0)),0) -> 0.09555 | D133: =INDEX('METAS E PESOS'!$C$3:$C$17,MATCH($A133,'METAS E PESOS'!$A$3:$A$17,0))*$C133 -> 3665.4509 | E133: =INDEX('METAS E PESOS'!$B$3:$B$17,MATCH($A133,'METAS E PESOS'!$A$3:$A$17,0))*$C133 -> 57.33 | F133: =SUMIFS(BASE_VENDAS!$E$2:$E$125,BASE_VENDAS!$A$2:$A$125,$A133,BASE_VENDAS!$C$2:$C$125,$B133) -> 1533.22 | G133: =IFERROR($F133/$D133,0) -> 0.4182896 | H133: =SUMIFS(BASE_VENDAS!$D$2:$D$125,BASE_VENDAS!$A$2:$A$125,$A133,BASE_VENDAS!$C$2:$C$125,$B133) -> 22 | I133: =IFERROR($H133/$E133,0) -> 0.38374324 | J133: =$F133/$P$1*$R$1 -> 15332.2 | K133: =$H133/$P$1*$R$1 -> 220 | L133: =IF((($E133-$H133)/($R$1-$P$1))<0,0,($E133-$H133)/($R$1-$P$1)) -> 1.3085185 | M133: =IF((($D133-$F133)/($R$1-$P$1))<0,0,($D133-$F133)/($R$1-$P$1)) -> 78.971514

Sheet BASE_VENDAS
A1: MARCA | B1: CÓDIGO | C1: LOJA | D1: QUANTIDADE | E1: TOTAL PRECO
A2: MARCA_11 (MAKEUP) | B2: 101 | C2: FIL-01 | D2: 524 | E2: 13586.69
A3: MARCA_11 (MAKEUP) | B3: 104 | C3: FIL-04 | D3: 282 | E3: 7515.78
A4: MARCA_11 (MAKEUP) | B4: 111 | C4: FIL-11 | D4: 262 | E4: 7074.85
A5: MARCA_11 (MAKEUP) | B5: 109 | C5: FIL-09 | D5: 136 | E5: 3645.32
A6: MARCA_11 (MAKEUP) | B6: 110 | C6: FIL-10 | D6: 108 | E6: 2520.73
A7: MARCA_11 (MAKEUP) | B7: 105 | C7: FIL-05 | D7: 30 | E7: 744.47
A8: MARCA_11 (MAKEUP) | B8: 107 | C8: FIL-07 | D8: 48 | E8: 1167.08
A9: MARCA_11 (MAKEUP) | B9: 106 | C9: FIL-06 | D9: 36 | E9: 963.92
A10: MARCA_01 (CARE) | B10: 101 | C10: FIL-01 | D10: 90 | E10: 1872
A11: MARCA_01 (CARE) | B11: 104 | C11: FIL-04 | D11: 76 | E11: 1508.31
A12: MARCA_01 (CARE) | B12: 105 | C12: FIL-05 | D12: 86 | E12: 1778.68
A13: MARCA_01 (CARE) | B13: 108 | C13: FIL-08 | D13: 96 | E13: 1787.2
... A125: MARCA_09 (SALON) | B125: 108 | C125: FIL-08 | D125: 44 | E125: 3656.23

Sheet LOJAS
A1: CÓDIGO | B1: DESCRIÇÃO | C1: LOJA
A2: 101 | B2: UNIDADE 01 - ZONA SUL (FLAGSHIP) | C2: FIL-01
A3: 102 | B3: UNIDADE 02 - COMÉRCIO CENTRAL I | C3: FIL-02
A4: 103 | B4: UNIDADE 03 - COMÉRCIO CENTRAL II | C4: FIL-03
A5: 104 | B5: UNIDADE 04 - CORREDOR CENTRAL | C5: FIL-04
A6: 105 | B6: UNIDADE 05 - SHOPPING NORTE | C6: FIL-05
A7: 106 | B7: UNIDADE 06 - REGIÃO METROPOLITANA I | C7: FIL-06
A8: 107 | B8: UNIDADE 07 - ZONA NORTE II | C8: FIL-07
A9: 108 | B9: UNIDADE 08 - REGIÃO METROPOLITANA II | C9: FIL-08
A10: 109 | B10: UNIDADE 09 - AVENIDA COMERCIAL | C10: FIL-09
A11: 110 | B11: UNIDADE 10 - ZONA NORTE I | C11: FIL-10
A12: 111 | B12: UNIDADE 11 - EXPANSÃO LESTE | C12: FIL-11
